1,Trish,Wollacott,949-427-5430
2,Barron,Kirckman,195-510-5618
3,Dick,Blasl,932-157-0376
4,Perrine,Ryburn,873-509-6882
5,Dara,Brogan,464-345-2193
6,Bruno,Petzold,161-191-1609
7,Halsy,Meriott,203-777-3710
8,Phip,Martins,695-547-8185
9,Sosanna,Dilleston,245-317-8461
10,Ole,Boyde,549-266-4814
11,Sonya,Beminster,883-934-1881
12,Theressa,Girauld,388-227-7482
13,Sonni,Houlden,522-609-6918
14,Court,Crocetti,711-796-7666
15,Bert,Rean,449-595-5983
16,Natalie,Dunbleton,167-533-9622
17,Parker,Peirazzi,700-348-5097
18,Phebe,Mandifield,975-723-4742
19,Auria,Grieswood,338-187-2498
20,Barbara-anne,Tomowicz,630-152-9085
21,Mayor,Pestricke,249-839-3027
22,Ynez,Martinelli,735-112-7843
23,Rana,De Francisci,345-169-5564
24,Wolfie,Jedraszczyk,509-178-7394
25,Heida,Midghall,356-186-6806
26,Daile,Hallford,881-116-6812
27,Burton,MacKomb,756-657-2668
28,Robbi,Kinnock,747-587-5001
29,Virginie,Duckerin,136-896-5457
30,Lark,Comazzo,217-428-3387
31,Pietrek,Desporte,370-209-6889
32,Debra,Sings,358-290-7341
33,Dulcy,Spohr,491-856-0423
34,Kean,Cavnor,676-209-3136
35,Elisha,Radsdale,325-212-4584
36,Othella,Kurth,965-217-3291
37,Michal,Tamlett,969-586-6755
38,Amelina,Margeram,921-384-3897
39,Elwyn,Jolly,437-286-4506
40,Caz,Dimitriades,913-966-2734
41,Benedick,Mewett,676-364-5721
42,Jamill,Josefowicz,463-599-5842
43,Flss,Capinetti,194-813-4821
44,Brodie,Standell,544-297-5124
45,Hetti,Copplestone,401-973-8934
46,Helge,Luce,732-816-5330
47,Marjory,Belson,570-462-4972
48,Glen,Froome,362-623-5673
49,Eloise,De Metz,217-523-7181
50,Brockie,Macoun,805-365-9202
51,Gilberte,Blurton,732-802-3617
52,Vally,Wainman,618-761-4219
53,Moishe,Lawley,503-809-7020
54,Crawford,Hillitt,554-882-9961
55,Gaile,Kittles,435-231-4204
56,Gabey,Taffs,792-995-3669
57,Alwin,Streeter,839-888-2926
58,Doreen,Ruddin,492-757-8878
59,Evangelia,Toft,161-391-3244
60,Wandis,De Fries,290-316-7059
61,Jasmina,Blaise,135-169-7054
62,Noe,Ilden,508-327-2785
63,Faye,O'Kinedy,475-295-2960
64,Kellen,Blenkinsop,690-190-3557
65,Weston,Seabert,590-252-8967
66,Cathleen,Iczokvitz,936-150-6936
67,Junie,Verrillo,327-873-3990
68,Merola,Dubock,650-487-3067
69,Jeanne,Solloway,803-671-0634
70,Emmott,Gibbonson,329-933-3412
71,Xaviera,Dundon,468-353-5844
72,Roderich,Fenkel,450-342-4735
73,Allegra,Paike,467-991-8943
74,Bernice,Matterson,504-906-4880
75,Tyne,Ayers,351-304-1735
76,Chen,Franzewitch,564-379-7920
77,Derby,Oldman,168-635-8821
78,Angelika,Kidd,829-266-9030
79,Fallon,Oldknowe,330-834-6959
80,Thaddus,Crooke,266-873-2053
81,Alex,Antonellini,570-367-5582
82,Gifford,Rankmore,623-455-5970
83,Tansy,Girardey,467-260-0860
84,Hercules,Bird,794-782-0973
85,Derry,Bacher,275-892-5689
86,Katharyn,Hubbard,933-831-4367
87,Dulcie,Battersby,305-259-2814
88,Abby,Marchand,734-357-4960
89,Ursa,Kunc,904-368-4208
90,Georgena,Pallent,302-311-9286
91,Dana,Climo,172-626-9563
92,Genvieve,Boost,133-286-9595
93,Micheil,Climer,666-475-0155
94,Korney,Bellas,254-257-7113
95,Arlyn,Leyborne,218-749-3718
96,Jeffy,Weeke,357-899-4355
97,Adrianne,Dudding,649-305-9042
98,Kaitlyn,Stansbury,275-901-0628
99,Chris,MacNish,315-583-2595
100,Yehudi,Le Sieur,411-364-9018
101,Leoine,Thewlis,662-327-4174
102,Packston,Enochsson,242-722-0820
103,Madella,Jellico,603-836-7264
104,Hartwell,Posner,958-379-5657
105,Allayne,Henrych,630-682-5194
106,Gustavus,Heimann,512-686-5049
107,Yanaton,Goare,114-823-9056
108,Rolf,Creegan,775-895-7681
109,Trixi,Mougin,183-308-5444
110,Carolann,Petrovic,846-957-3725
111,Thacher,Spataro,685-545-5660
112,Aldo,Syplus,517-318-8269
113,Edgard,Grent,486-869-3675
114,Armand,Lawley,910-957-0627
115,Cherrita,Harlick,674-226-4343
116,Welch,Killough,187-197-0471
117,Dorey,Culpen,569-713-4713
118,Markus,Heffer,852-190-5273
119,Rosanne,Lathaye,179-222-6186
120,Deerdre,MacFadin,390-709-7516
121,Algernon,Demogeot,623-784-1553
122,Jock,Dods,252-547-2710
123,Clarey,Baggaley,178-272-4637
124,Jodi,Balderston,856-450-4864
125,Peterus,Rowbury,709-550-1019
126,Tiena,Pawelec,812-744-5628
127,Brendis,Whiteford,846-872-9032
128,Cassondra,Edgars,470-649-2828
129,Maximilianus,Gilbert,475-229-3495
130,Rourke,Denyagin,940-830-4144
131,Shaylah,Yeatman,415-189-4266
132,Sharla,Mounsie,397-797-2923
133,Martyn,Jeanel,743-350-5018
134,Timmy,Petchey,223-914-5212
135,Johnny,Buzzing,726-770-1449
136,Joelle,Hook,263-912-5584
137,Daune,Bowton,972-447-3788
138,Cleo,Martusewicz,197-899-4261
139,Tabina,Martinets,410-590-1247
140,Egbert,FitzGilbert,505-534-1032
141,Sergent,Paiton,923-380-8376
142,Lorelle,Duggleby,297-717-4038
143,Skippie,Chesswas,237-357-4303
144,Gina,Trewett,897-319-4855
145,Si,Shuttell,606-417-4788
146,Billie,Eastmond,907-161-8246
147,Farrand,Pumfrett,603-582-4607
148,Natka,Sperry,729-769-9281
149,Karalee,Dewdney,609-220-0335
150,Wittie,Pitcaithley,824-685-9001
151,Ami,MacCahey,362-528-7650
152,Julissa,Kirwood,815-362-4869
153,Uri,Bonnyson,862-927-9594
154,Carlo,Sheers,874-204-4468
155,Gipsy,Prinett,644-143-4654
156,Paulita,Munslow,597-331-9919
157,Nickie,Corrado,260-453-0895
158,Vivia,Camfield,686-390-5023
159,Jemie,Rout,591-316-7599
160,Franklin,Ussher,600-250-3690
161,Carey,Grzegorecki,317-320-8813
162,Debi,Baseggio,773-133-0636
163,Clara,Onslow,987-602-9367
164,Clemmy,Dray,402-887-7702
165,Abbey,Siddele,854-909-5724
166,Collin,Ambrodi,458-927-1267
167,Reba,Giddings,182-214-2189
168,Nelly,Cuardall,393-297-8534
169,Kerrin,Harbron,885-253-7217
170,Lib,Zanini,292-515-5750
171,Darryl,Ruzicka,614-544-3313
172,Ajay,Pipes,893-907-3254
173,Alyssa,Feaster,191-664-2039
174,Tory,Weddell,594-839-1616
175,Faythe,Feavyour,515-148-1402
176,Randa,Fines,211-137-2223
177,Teirtza,Caldes,436-341-4104
178,Riley,Vigers,394-606-7170
179,Shena,Cozzi,755-313-8723
180,Helaine,Westwater,968-672-0220
181,Alberto,Whitney,696-313-1182
182,Olympie,Pembery,714-523-2169
183,Abran,Fulleylove,808-449-6479
184,Graig,Eddins,745-312-8548
185,Ulrick,Loughrey,210-295-8487
186,Paul,Labusch,819-906-0495
187,Dyan,Goodbody,828-478-6929
188,Brandea,Stebles,945-592-1175
189,Fania,Kalderon,573-795-4864
190,Marlowe,McNysche,273-364-4179
191,Timmy,Illyes,524-651-2158
192,Gussy,Indgs,439-824-5629
193,Nial,Bestman,472-233-5919
194,Suzann,Jarrold,120-441-9374
195,Tedra,Rudgley,911-777-0725
196,Arvie,Jackett,399-337-3296
197,Ophelie,Piers,349-978-2508
198,Courtney,Bickerdike,240-334-9261
199,Ed,Darnell,886-677-8928
200,Alvira,Conan,671-743-5495
201,Dorey,Stanyon,754-189-8114
202,Buddy,Lamey,236-375-8178
203,Gabi,Duffy,743-256-0741
204,Jacinda,Markovich,519-194-6168
205,Jaimie,Huntall,508-605-5465
206,Lyndy,Challen,237-586-6748
207,Fairlie,Lehrer,412-902-6863
208,Perice,Espinos,135-916-7824
209,Merrile,Urien,917-660-7984
210,Netta,Jellico,833-501-7824
211,Rod,Willden,560-781-0257
212,Milissent,Oleksinski,181-185-1915
213,Ardis,Clulee,380-856-5125
214,Leroi,Zahor,405-985-8200
215,Dyana,Swiffin,856-783-4348
216,Winni,Nutting,135-166-6505
217,Gare,Marsh,777-603-9641
218,Lewiss,Robker,729-978-6298
219,Arni,Ratnage,156-641-7790
220,Hermine,Featherstonehaugh,372-577-9214
221,Jobye,Hooban,727-262-8121
222,Roseanna,Nudde,762-891-0969
223,Rosabella,Fealy,970-299-5688
224,Dorian,Rasch,667-362-2163
225,Brittne,Jonsson,421-510-5278
226,Elisha,Merrgen,844-324-2518
227,Auberta,Thackeray,863-755-9779
228,Lance,Winger,685-874-8705
229,Ange,MacIntyre,978-704-4832
230,Hermione,Farragher,150-418-2005
231,Hanan,Langcastle,530-391-9136
232,Stevy,Castagnone,236-881-0337
233,Donall,Tammadge,141-943-3688
234,Parnell,Fulger,949-343-7443
235,Sheila-kathryn,Culligan,720-945-3776
236,Annadiana,Cockle,631-823-0893
237,Daphne,Chatfield,597-169-2244
238,Andeee,Murrock,620-812-3128
239,Egon,Maffia,115-171-6867
240,Marten,Franchioni,790-611-7898
241,Sue,Callander,593-273-0995
242,Osborne,Sevitt,358-497-3050
243,Nevin,McRoberts,147-342-9883
244,Eddy,Imlacke,869-295-6731
245,Raymond,Sambidge,230-322-3675
246,Selinda,Latan,628-280-0211
247,Maynord,Ritson,960-575-7893
248,Elizabeth,Aberkirdo,750-364-3881
249,Bruce,Rowson,990-184-7583
250,Johan,Wordley,453-513-5752
251,Janos,Sugg,760-600-0418
252,Bobbye,Guiel,608-370-8529
253,Denny,Willingham,418-710-4878
254,Con,Reinhard,728-102-0773
255,Maurice,Drinkel,377-364-9451
256,Quinn,Jakubovicz,673-762-9405
257,Marigold,Jacobsson,415-442-1040
258,Ole,Wenderoth,574-670-4882
259,Amii,McGougan,978-591-7816
260,Conni,Ledwitch,530-332-4697
261,Carolina,Hambidge,138-668-5452
262,Lambert,Stains,763-843-3437
263,Catlee,Dumbelton,235-540-3185
264,Maible,Roman,687-689-8082
265,Granville,Soreau,560-949-3459
266,Bren,Hamstead,762-949-4289
267,Ernesto,Peaker,885-268-3120
268,Isidora,MacLice,418-577-4897
269,Collie,Coppo,314-879-9333
270,Cordie,Rash,396-110-9465
271,Rafael,Van Haeften,602-230-7298
272,Harmonia,Beaby,419-185-1666
273,Elisabet,McAlarney,827-685-1115
274,Dina,Spensly,801-515-7352
275,Stephan,Kowal,731-711-3389
276,Lindi,Schnitter,389-600-3019
277,Gerald,Mackro,876-426-1806
278,Andriana,Tacker,577-299-1455
279,Dianemarie,Maidment,901-446-4572
280,West,Ledgister,670-138-6985
281,Patrice,Caulliere,761-758-3418
282,Tye,Nesterov,416-392-8019
283,Debee,Rubinsaft,615-717-7865
284,Nolana,Kenningham,609-905-7566
285,Amalita,Stoyell,720-657-2179
286,Pat,Neesam,748-379-8897
287,Helaina,Weld,963-238-8649
288,Tabby,Josebury,254-426-2602
289,Franni,Hazeley,270-832-6350
290,Neron,Tures,757-721-3355
291,Norean,Mallabar,396-641-3037
292,Frederick,Baswall,137-229-1958
293,Artair,Liggens,102-867-1935
294,Baily,Trewhitt,835-393-0493
295,Karina,Tallman,353-623-1460
296,Reuven,Aisman,852-207-6900
297,Egon,Errichiello,573-733-3680
298,Lyn,Crocroft,582-134-2740
299,Lynnette,McVee,889-395-2628
300,Moses,MacDermid,161-793-4715
301,Raven,Bernaldo,232-926-9151
302,Billie,Yeomans,866-312-3271
303,Cirillo,Danielou,153-958-3142
304,Ibrahim,Messum,404-308-6265
305,Tilly,Blatherwick,601-642-7819
306,Caryl,Dann,535-418-5882
307,Lucilia,Gainsford,726-856-5822
308,Durand,Quidenham,611-891-5455
309,Aylmar,Shrubshall,572-753-4606
310,Thorvald,Tyt,396-157-0829
311,Starla,Mugg,565-967-8235
312,Myrtle,Bartoletti,537-118-0743
313,Saloma,Penberthy,477-512-2720
314,Judon,Hannibal,174-710-4733
315,Shepard,Ropking,333-370-3650
316,Heddie,Aleksashin,290-415-9272
317,Ethelin,Grigoriev,288-630-6903
318,Catina,Maillard,911-994-8495
319,Wilton,Gockelen,886-374-8248
320,Binni,Elderidge,663-131-6435
321,Petr,Shearsby,284-234-8894
322,Rodolphe,Giron,250-264-0618
323,Car,Folliss,693-536-2341
324,Kelli,Gerry,223-242-3265
325,Philippe,Domleo,723-789-8399
326,Cherish,Tomala,241-415-7600
327,Silvan,Christophle,596-994-4556
328,Gregoire,Killen,210-177-3643
329,Glynda,Lodwig,677-306-2874
330,Gretal,Puddifer,936-485-0150
331,Pedro,Cranham,694-847-5058
332,Cyndie,Sallnow,567-757-5784
333,Bruce,Beney,479-286-3622
334,Sue,Blose,678-868-2034
335,Cinnamon,Allison,378-193-6402
336,Janis,McBain,470-697-9021
337,Freddy,Fairbeard,338-570-6692
338,Padriac,Fidock,274-323-1587
339,Thomasa,Gledhill,335-529-7945
340,Rosamund,Stoppard,795-705-6914
341,Carmencita,Felix,269-502-0594
342,Corbett,Rubrow,307-270-3837
343,Manolo,Newitt,847-929-7464
344,Biron,Ledwidge,946-369-0235
345,Gustav,Clowney,219-811-1317
346,Glyn,Unworth,172-616-0522
347,Vlad,D'Hooge,824-841-5616
348,Alvina,Kubczak,540-105-1461
349,Heda,Golborn,494-730-9506
350,Francois,Corrado,878-909-3344
351,Portie,Notley,906-215-3763
352,Lyndsie,Brownsall,396-588-1151
353,Gordon,Claessens,329-172-3443
354,Ulrick,Schermick,619-165-4046
355,Jolene,Wilfing,432-502-1992
356,Elisha,Fearney,583-819-6800
357,Allister,Red,321-256-3934
358,Cleve,Nassie,487-155-8287
359,Erie,Ellit,792-999-1322
360,Imojean,Falk,246-845-9706
361,Gaye,Alelsandrovich,911-378-6929
362,Tarah,Mulloch,487-986-9490
363,Bernita,Genicke,977-386-8847
364,Farris,Rohmer,629-905-9385
365,Simone,Trighton,401-392-5739
366,Tallou,Meech,162-419-5965
367,Vernice,Niesegen,278-120-3559
368,Urban,Meron,827-131-6478
369,Tim,Rannald,112-509-9130
370,Roderich,Baselio,869-159-7876
371,Tore,Barday,176-493-4158
372,Ethelyn,Dransfield,497-833-1079
373,Ardelia,Fairbrass,451-755-7091
374,Sholom,D'Abbot-Doyle,373-351-2055
375,Jaimie,Carlaw,786-105-5661
376,Aprilette,Divina,425-261-0578
377,Seline,McEachern,112-841-3603
378,Konstanze,Bradbury,176-692-1074
379,Lindsey,Perfili,745-761-6726
380,Agatha,Taylor,290-958-2339
381,Josefa,Aujean,355-952-6504
382,Morey,Kinnie,813-813-7179
383,Alister,Yaakov,650-952-6283
384,Daryle,Fulker,801-837-8526
385,Giacopo,Stoffer,489-889-0672
386,Bibbie,Ranson,785-344-0855
387,Randal,Popham,299-155-0613
388,Bronnie,Andryszczak,335-761-0117
389,Maryjane,Bridgewater,684-718-9507
390,Angelica,Shrive,178-331-3788
391,Camille,Gaddesby,927-776-0172
392,Doreen,Rosenfelt,389-497-9532
393,Amitie,Hawksley,299-913-8691
394,Francoise,Cruddas,242-442-9472
395,Abba,Coldwell,723-722-3579
396,Roxie,Witheridge,665-847-1186
397,Nicolis,Joll,821-467-5336
398,Felike,Bodicum,585-838-1866
399,Crin,Wawer,227-813-3472
400,Glenn,Birchenough,663-932-5387
401,Bail,Spurr,951-831-8579
402,Cammi,Turpie,293-368-3399
403,Elita,Jeannet,144-159-5774
404,Carling,Davidy,526-598-6494
405,Nariko,Broz,186-575-2253
406,Barn,Bolingbroke,231-359-1841
407,Emily,Donald,628-337-8714
408,Win,Shaw,314-381-3009
409,Ewen,Vondruska,917-281-4169
410,Hillary,McMenamy,546-765-0947
411,Trace,McGilvray,242-205-8774
412,Olly,Acum,328-864-8593
413,Marcille,Salvati,602-659-3179
414,Trumann,Friel,767-124-7848
415,Alicia,Backs,283-365-2466
416,Turner,Gorvette,741-242-5042
417,Cosetta,Mapplebeck,209-958-3880
418,Francklyn,McCauley,374-695-2272
419,Arabella,Imlin,624-255-6399
420,Fayth,Lukasen,748-152-4118
421,Bethany,Hallatt,965-662-6498
422,Murry,Fenelon,354-164-5882
423,Jami,Chatto,246-137-5866
424,Cosette,Clinch,859-610-6752
425,Dougy,Whapple,220-542-6034
426,Orv,Codeman,384-347-8961
427,Miquela,Barthot,514-129-4635
428,Culver,Legate,880-712-5669
429,Madalyn,McMurty,943-470-1911
430,Rinaldo,Benam,415-564-6907
431,Stanly,Waylett,297-935-2630
432,Mada,Undrill,514-580-6627
433,Abeu,Shenley,437-351-4186
434,Traver,Boij,683-693-1092
435,Oneida,Cominoli,587-282-1001
436,Elga,Simkin,683-316-6675
437,Cheston,Tanby,121-563-0084
438,Sapphira,Mitchiner,921-733-2107
439,Ora,Lightwood,784-634-1486
440,Nanci,Biagioni,358-868-8167
441,Gaylord,LLelweln,779-632-2262
442,Ambrose,Tipton,586-153-0188
443,Link,Guterson,641-370-4017
444,Florette,Ivimy,187-976-4919
445,Rachel,Lamas,442-825-9057
446,Hephzibah,Ziems,466-291-2854
447,Werner,Hunnicutt,873-755-9330
448,Culley,Rosle,328-907-0616
449,Clayborne,Grand,393-738-1271
450,Annabell,Morphet,735-257-2723
451,Davidde,Nassie,283-611-3027
452,Giorgio,Grzegorek,776-484-6084
453,Angeline,Whitty,763-136-6483
454,Charlene,Wealthall,231-859-4105
455,Penni,Pretti,306-746-5785
456,Pavel,Hannah,837-477-5999
457,Josie,Boother,225-513-3758
458,Kellen,Amsden,117-930-2988
459,Melina,Bovaird,374-494-7301
460,Lucien,Lanegran,336-242-1356
461,Leoline,Pearce,268-576-8452
462,Bentlee,Pakes,708-207-7715
463,Charo,Ticehurst,736-282-4371
464,Dalt,Boshers,370-485-0675
465,Dex,Gierke,845-885-4504
466,Davidson,Whitebread,946-669-0596
467,Salomone,Gurley,828-984-8820
468,Eduardo,Sneezum,201-774-8438
469,Bealle,Rodolico,679-204-0255
470,Mariana,Bescoby,166-688-5813
471,Claybourne,Hiorn,128-779-5292
472,Joyan,Cometto,203-254-7237
473,Fields,Klampt,709-673-4644
474,Ameline,Hurles,393-295-4386
475,Martha,Ortsmann,441-425-9921
476,Philis,Blakeslee,860-146-8728
477,Salomo,Yurchishin,440-398-2221
478,Dayna,Fernez,191-638-1049
479,Tandi,Sollime,764-902-1369
480,Annabal,Gwatkin,812-497-9199
481,Emili,Devany,866-598-9977
482,Minne,Baldocci,217-253-1726
483,Kara,Imason,976-571-3348
484,Tuck,Riediger,406-114-2300
485,Florie,Booler,540-967-5774
486,Reamonn,Antrim,106-857-2451
487,Lindy,Bownes,177-694-7471
488,Eugine,Goard,662-948-6675
489,Pedro,Columbell,734-149-8315
490,Veriee,Garaghan,454-572-6324
491,Otho,Blain,468-244-7435
492,Benetta,Lawland,754-186-7880
493,Tonnie,McIlwraith,741-958-6072
494,Miran,Cesaric,951-858-8213
495,Kaine,De'Vere - Hunt,624-346-0915
496,Brenden,Wittey,110-469-8786
497,Jewell,Blaskett,528-889-1206
498,Marlyn,Spink,617-497-5816
499,Inessa,Borrowman,497-811-9755
500,Thornie,Wasiel,777-542-7081
501,Carrol,Knevit,821-798-3963
502,Dora,Corness,204-314-1032
503,Cariotta,Theuff,815-251-9998
504,Zuzana,Caldero,269-284-7358
505,Heda,Glackin,601-875-4532
506,Jacquelyn,McGillreich,416-750-0062
507,Burke,Mundie,689-817-1010
508,Herc,Edghinn,655-966-8027
509,Juana,Lawie,622-805-6806
510,Madella,Grimble,555-166-4772
511,Michale,Dizlie,830-933-6858
512,Gordie,GiacobbiniJacob,926-703-6989
513,Josefina,Fidler,503-643-0538
514,Ricki,Noden,139-798-6372
515,Juieta,Amiss,936-221-0847
516,Iorgo,Breddy,408-614-8843
517,Natty,Leeson,244-954-6275
518,Elisabetta,O'Currine,301-386-2320
519,Danny,Labell,772-107-0913
520,Davis,McMakin,905-885-1075
521,Viva,Pleass,940-605-1041
522,Creigh,Jaggar,980-906-5299
523,Coreen,Moyser,417-850-1928
524,Griffy,Faircliff,706-196-9212
525,Hadley,Chaldecott,927-111-7437
526,Lori,Shoppee,459-453-5114
527,Alfonse,Viste,341-107-6480
528,Merry,Ducastel,505-930-2400
529,Dianna,Titchard,762-677-4721
530,Licha,McCarter,695-284-3783
531,Rozele,Edison,852-261-1211
532,Nobie,A'Barrow,835-281-7464
533,Roth,Minshull,553-621-2700
534,Nissie,Gravy,520-286-7076
535,Felecia,Chasney,278-406-6202
536,Ilka,Spillard,805-291-0826
537,Yance,Cockitt,687-971-4381
538,Harp,Sweeney,622-122-2847
539,Allina,Listone,464-535-7128
540,Cele,Hamly,762-282-3221
541,Eleni,Peasby,449-777-1258
542,Mar,Larmouth,416-301-0629
543,Valene,Dinsmore,594-700-3331
544,Hansiain,Treamayne,586-285-1895
545,Aggi,Scamerdine,204-258-9897
546,Kessiah,Bolus,942-785-5734
547,Ianthe,Hart,815-853-8285
548,Binny,Warburton,290-139-0728
549,Baryram,Nosworthy,553-206-4659
550,Conway,MacTrustrie,410-299-2142
551,Jefferson,Balham,825-537-5110
552,Terrell,Broose,218-800-5629
553,Chelsey,Beecroft,565-944-4105
554,Patricia,Brookfield,857-636-1057
555,Cassandre,Davioud,685-197-3379
556,Melloney,Tabb,682-470-9042
557,Penn,Roscamps,158-303-4470
558,Fidel,Swaile,638-291-2831
559,Catha,Stemp,688-722-4382
560,Sondra,Rove,937-450-1715
561,Hedwiga,McCaskill,279-982-8817
562,Northrop,Presley,259-265-1251
563,Sarine,Catling,567-643-0726
564,Tresa,Wormstone,900-361-3909
565,Justin,Allom,951-129-1563
566,Raf,Iddins,956-531-9173
567,Dame,Giffkins,307-872-1390
568,Sadie,Baker,651-318-6239
569,Gloriane,Dovey,911-192-0265
570,Malvin,Pengilly,306-718-6423
571,Emmey,Swyer,659-825-5608
572,Loralee,Bock,701-208-1357
573,Jacquelynn,Badsworth,173-151-9187
574,Kalil,Grzegorek,529-955-3798
575,Rogers,Boner,532-397-6998
576,Melicent,Duddan,989-953-5504
577,Junina,O'Shaughnessy,480-165-4070
578,Isidora,Everill,570-965-7357
579,Darren,Chomiszewski,765-668-8624
580,Kaylil,Humblestone,837-322-8402
581,Erl,Bowmer,613-958-2155
582,Cathleen,Draper,957-229-3392
583,Llywellyn,Trevenu,831-943-8679
584,Ilaire,Durbyn,486-806-9381
585,Haskell,Larby,992-826-3533
586,Demeter,Seamans,282-655-8092
587,Beckie,O'Conor,645-564-2704
588,Tallou,Petre,283-857-2924
589,Lissie,Gallehawk,976-723-1712
590,Ulrica,Ship,111-457-3456
591,Jodi,Tarply,241-262-7629
592,Ives,Smithend,809-134-3359
593,Rosabel,Mallinar,503-606-5071
594,Mike,Wakeford,725-655-1086
595,Sammy,Tetford,578-988-7505
596,Haskel,Stockau,640-245-0528
597,Harwilll,Dugan,468-378-6596
598,Baryram,Gittus,554-162-8804
599,Rachel,McGannon,208-831-3180
600,Natale,Yurmanovev,217-957-6889
601,Betteann,Sherrell,585-433-4871
602,Pat,Oluwatoyin,161-889-9930
603,Fanchette,Casaro,718-430-2066
604,Nathan,Galiero,587-581-9645
605,Bambie,Rimell,547-996-7650
606,Chrotoem,Labba,164-388-2839
607,Malanie,Shelton,547-105-0835
608,Hanni,Brill,105-793-8336
609,Shawn,Coling,300-981-4337
610,Gilly,Orum,588-607-0544
611,Micky,Thebes,621-699-8624
612,Bobinette,Hallford,948-138-9060
613,Georg,Haccleton,432-662-8215
614,Horten,MacEntee,268-529-8198
615,Guglielmo,Boolsen,725-191-5948
616,Ibrahim,Mather,905-544-5414
617,Ianthe,Balcon,266-921-3719
618,Hannie,Bullough,627-691-1319
619,Colby,MacAdie,201-809-0739
620,Reagan,Bonhome,508-535-2432
621,Trstram,Skey,820-811-1138
622,Floyd,Najara,470-210-4993
623,Laughton,Minshaw,299-159-1843
624,Kai,Easterling,408-457-9950
625,Florenza,Lyptrade,513-645-9219
626,Stanislaus,Waber,361-680-3822
627,Marmaduke,Scowcroft,861-445-0127
628,Gib,Fallowfield,484-881-7197
629,Jeremy,Lamberteschi,612-276-2004
630,Daffi,Falls,616-332-6514
631,Ainslie,Kuna,794-886-0335
632,Sybille,Nesbit,753-687-2735
633,Seth,Jocelyn,765-118-0996
634,Tootsie,Croci,933-628-4435
635,Tatiania,Opie,739-301-0126
636,Ealasaid,Bleibaum,661-377-3005
637,Felic,Simms,797-872-9140
638,Dannye,Albasiny,384-309-5652
639,Reggis,Ranner,749-893-0939
640,Alair,Rawling,743-736-7597
641,Cleve,Lambkin,273-765-0173
642,Davidson,Ateggart,675-678-2006
643,Cointon,McLinden,384-268-7556
644,Hamid,Hopfer,668-871-4653
645,Gregorio,Meysham,961-118-5456
646,Hasty,Kuhnel,565-955-3635
647,Carmel,Fathers,319-252-0419
648,Nickey,Fosdike,677-579-7072
649,David,Leitch,791-368-2984
650,Dyanna,Glantz,694-284-6402
651,Deanna,Greensted,869-697-2460
652,Geri,Cassels,764-523-1785
653,Ernesta,Treppas,988-237-8256
654,Jerrilee,Courtin,334-658-4574
655,Clementius,Shugg,831-345-9781
656,Dene,Donnell,460-532-0719
657,Selinda,Coyte,382-976-4047
658,Brita,Tomich,208-867-5139
659,Tonnie,MacGow,986-773-6276
660,Barnabas,Bartleet,369-311-2801
661,Estele,Raimbauld,564-888-1242
662,Lockwood,Thurlbourne,804-648-3238
663,My,Leborgne,303-410-3551
664,Lenna,Burdekin,212-400-1764
665,Poul,Ranahan,996-210-8503
666,Schuyler,Brundell,654-126-6109
667,Fielding,Cush,708-799-9231
668,Eliza,Golt,266-577-6669
669,Natal,Lacasa,484-766-6425
670,Corny,Farens,959-884-8250
671,Elsinore,Carp,870-199-4071
672,Gavan,Knocker,256-692-5970
673,Erika,Lowndesbrough,489-709-1962
674,Madelon,Rich,209-598-1119
675,Casie,Eland,314-321-9004
676,Nikola,Dennington,163-664-9123
677,Beck,Shimmans,284-485-9498
678,Klemens,Wilsey,569-771-6214
679,Wilmette,Dun,792-917-8275
680,Chane,Holson,203-575-1611
681,Jessy,Shrimplin,912-255-2825
682,Oberon,Sainter,227-699-3267
683,Margarete,Brisker,361-953-4137
684,Bronson,Noah,740-867-1724
685,Maisey,Kissack,111-870-0095
686,Filippa,Glossup,646-983-0016
687,Andros,Beaument,974-505-4579
688,Wat,Baff,432-970-8205
689,Christiano,Thurber,191-669-8418
690,Gram,McKerlie,679-203-8022
691,Robby,Crole,147-777-4435
692,Korney,Staziker,425-782-7696
693,Carmelia,Snalham,769-584-1170
694,Salaidh,Beharrell,478-346-0266
695,Alejandro,Wildman,892-891-1595
696,Darb,Lesurf,252-900-2322
697,Bel,Arckoll,459-354-7836
698,Whitaker,Scones,103-791-7711
699,Ag,Refford,321-369-8179
700,Juliet,Meadowcroft,867-451-9001
701,Doyle,Blackbrough,222-532-6142
702,Ashbey,Hentzer,916-320-2558
703,Gabbey,Roelvink,460-506-7927
704,Brynna,Camacke,971-324-7250
705,Sheila,Galbraith,860-960-9917
706,Rolf,Kitchen,274-509-4944
707,Osbourne,Celand,697-928-6136
708,Shawn,Danhel,763-369-3425
709,Thaine,Roache,152-267-1383
710,Aubrette,Tumbelty,100-307-6465
711,Cindra,Leal,517-144-5199
712,Tomasine,Eddington,570-477-8857
713,Rosette,Schwander,979-201-2556
714,Simonne,Ector,645-324-7828
715,Kerwin,Ansteys,817-494-7223
716,Gannie,Frederick,315-222-3108
717,Audre,Balmforth,568-917-9109
718,Ingamar,Dodell,882-470-5121
719,Marven,Sumption,117-234-1226
720,Wendye,Behnen,359-954-0361
721,Masha,Kitchinham,916-942-2259
722,Adelina,Baile,608-761-5288
723,Nero,Frudd,586-891-2439
724,Marquita,Broggio,646-212-3560
725,Truman,Quartley,755-819-3257
726,Diane-marie,Harby,493-379-3664
727,Ward,Kenneway,238-244-6753
728,Murielle,Minocchi,793-888-6374
729,Clarance,Bates,481-459-6907
730,Jacquenetta,Tilliard,949-391-6974
731,Fredrick,Broune,418-495-3606
732,Zerk,Gretton,799-606-6231
733,Mufinella,Bubb,820-143-3116
734,Fee,Kayes,211-501-7352
735,Rafaellle,Rickett,809-517-0754
736,Osmond,Fuge,804-934-4413
737,Karil,Extall,995-473-0757
738,Leisha,Upstell,517-557-6548
739,Giovanni,Drewett,278-255-9195
740,Olva,Rispine,616-980-5299
741,Alvin,McReedy,135-740-0303
742,Pet,Dunckley,605-591-2783
743,Dollie,Zellmer,177-628-3941
744,De,De Banke,607-771-4313
745,Pate,Messom,834-199-4602
746,Domenico,McOrkil,489-532-3379
747,Prudi,Radbourn,608-508-4086
748,Eward,Massenhove,949-251-9525
749,Fabien,Tooher,746-623-4000
750,Cate,Curreen,809-221-2524
751,Markos,Panter,249-770-7211
752,Rudie,Slack,858-652-0883
753,Filia,Probert,242-526-4623
754,Ysabel,Klishin,172-113-3234
755,Rockwell,Eustice,323-734-3333
756,Eada,Chesshyre,207-990-3425
757,Loni,Ronald,300-542-9227
758,Elmira,Colborn,249-564-8325
759,Ravi,Labro,950-729-5130
760,Meggi,Mingardi,423-266-6804
761,Cissy,Strutz,727-856-7138
762,Corny,Bonney,925-379-6057
763,Morly,Andersen,337-665-3704
764,Malachi,Joannic,997-492-0802
765,Kare,Brain,678-123-6494
766,Levin,Murthwaite,231-743-8242
767,Dayna,Grimbaldeston,160-917-1810
768,Silvie,Cahani,990-488-1813
769,Rosie,Maraga,871-329-9034
770,Rollins,Volkes,956-480-1800
771,Car,Penchen,570-797-7264
772,Melitta,Sargeaunt,221-984-9583
773,Alvie,Cheng,490-817-4151
774,Ivie,Fishley,810-393-8722
775,Ilysa,Kindleysides,714-355-1377
776,Janella,Summerlee,314-554-7000
777,Dasha,Jessel,377-997-0346
778,Melania,Sissel,522-925-3514
779,Booth,Bortoli,975-693-3527
780,Marion,Carthew,144-634-2482
781,Tara,Melmoth,714-322-6925
782,Arleen,Trudgeon,985-434-3856
783,Binnie,Sumpter,813-268-1224
784,Flore,Goodwin,729-811-4246
785,Catherina,Pascho,398-223-4753
786,Vicki,Arkow,443-394-4052
787,Gale,Peace,512-923-9190
788,Abagael,Shetliff,871-260-5702
789,Ame,Simoncello,136-771-2168
790,Raff,Scartifield,352-500-8496
791,Maribel,Stenyng,369-694-9342
792,Tedman,Nelson,561-194-8939
793,Leoine,Sullivan,911-975-3935
794,Reinwald,Braund,497-540-2388
795,Astrid,Mahon,577-822-0704
796,Gilles,Preedy,928-134-7748
797,Georgi,Lille,486-234-8605
798,Charline,Fairfull,628-867-6772
799,Galen,Hinchcliffe,350-762-1365
800,Dulcie,Bernadzki,825-615-0156
801,Elva,Laurand,643-625-9385
802,Loreen,Bickersteth,260-736-0225
803,Letty,Hardson,863-664-9302
804,Viviyan,Weldrake,331-457-1764
805,Agace,Harkness,280-390-2172
806,Lisetta,Klaesson,411-615-4866
807,Corrine,Peacher,370-893-8042
808,Trude,Fibbens,819-178-6644
809,Carolina,Muncie,686-900-6857
810,Angie,Sherringham,201-695-5093
811,Marcy,Jarnell,631-674-7691
812,Trixi,Bucknill,426-125-1862
813,Rosie,Bowerman,940-211-7931
814,Gasper,Gobell,511-294-0921
815,Colette,Roze,831-230-5588
816,Henry,Stead,730-627-5932
817,Tawnya,Morrell,207-580-9340
818,Allyn,Hucquart,380-495-8233
819,Marchelle,Lapping,939-285-4296
820,Hans,Tod,542-174-5601
821,Eduino,Snoddy,975-881-3018
822,Base,Beharrell,208-711-9287
823,Crystie,Mcwhinney,974-803-0478
824,Donetta,Yersin,969-113-1554
825,Cayla,Linggard,897-221-4584
826,Kerstin,Iori,140-930-5994
827,Germaine,O'Hollegan,766-365-1906
828,Gregoor,Ros,152-822-6065
829,Rudolph,Ianizzi,510-945-7129
830,Merola,Cornier,823-872-4468
831,Webb,Conwell,179-647-5446
832,Dwain,Nazer,778-755-1963
833,Erhard,Seed,293-273-8059
834,Randolf,Bewshea,447-132-9376
835,Audi,Gettings,601-999-8380
836,Lara,Farnfield,680-175-3062
837,Cathy,Wards,309-657-8236
838,Asa,Borgnet,375-683-6380
839,Floyd,Otterwell,990-826-9968
840,Renate,Munkley,231-304-9639
841,Maggee,Novak,692-463-5006
842,Jocelin,Abrey,767-551-8578
843,Mimi,Jenner,708-476-3807
844,Morgan,Aspland,201-425-1289
845,Trula,Tink,402-612-0915
846,Alfie,Hardman,118-927-8732
847,Cortney,Durrad,302-580-2006
848,Constancia,Nerney,121-505-9924
849,Lindy,Passingham,713-901-3698
850,Ring,Adamovitch,885-465-3302
851,Una,Cornely,974-243-3527
852,Lydie,Eslemont,579-741-5650
853,Alwyn,Sparrow,672-398-9043
854,Vito,Winslett,224-130-7438
855,Lynette,Hallum,509-738-5580
856,Margy,Mintrim,525-142-8839
857,Nadiya,Shout,957-979-3389
858,Sasha,Marcham,594-483-0302
859,Emyle,Gritten,301-854-0956
860,Marion,Gilbank,732-744-4576
861,Karna,MacShane,612-344-8609
862,Delilah,Hakking,657-442-6327
863,Malvin,Deards,106-708-7266
864,Nertie,Grannell,567-625-4610
865,Harlen,Cure,944-476-6216
866,Ring,Spindler,187-998-5676
867,Jess,Lilion,690-200-1929
868,Moria,Crannage,178-211-0571
869,Regan,Hemmingway,713-546-7100
870,Killy,Dugmore,886-351-6235
871,Noemi,Daish,750-905-9159
872,Terry,Linstead,465-245-0509
873,Darryl,Gopsall,604-347-4501
874,Alano,Tarrier,280-868-2215
875,Nike,Paprotny,289-319-4571
876,Brewster,Lebourn,625-593-1051
877,Alejandra,Simmens,962-758-1876
878,Etta,Derwin,718-314-0326
879,Jacklyn,Dunthorne,371-432-0662
880,Felita,Rubinsky,431-665-6238
881,Sibel,Cobby,423-377-6170
882,Amy,Seath,665-948-6616
883,Abdel,Fassum,256-327-7462
884,Bird,Rivlin,647-874-7604
885,Port,Marfield,635-232-9930
886,Hanna,Mazdon,263-349-6403
887,Madlin,Wastie,763-284-2143
888,Anjanette,Rushforth,212-473-1801
889,Faith,Figgins,584-820-3731
890,Kellby,McMaster,306-800-0622
891,Violante,Gauler,965-632-3623
892,Powell,Ducket,269-423-2450
893,Isadore,Ramel,379-225-4018
894,Orsa,Bartholomew,751-425-0017
895,Johnnie,Billo,516-424-0137
896,Kati,MacGarrity,838-714-5164
897,Darryl,Tuckey,719-483-8974
898,Arlan,Heephy,965-259-9112
899,Thurstan,Sparrow,985-685-7366
900,Doris,Vause,710-141-1510
901,Kathie,Breukelman,824-739-2253
902,Moises,Muehle,529-356-7650
903,Kalinda,Leadbitter,592-831-2364
904,Annora,Gandrich,649-969-6801
905,Ranique,Tooze,233-260-5528
906,Sondra,Scarman,448-982-3717
907,Liesa,Stook,766-244-0056
908,Waite,Welton,256-596-6024
909,Isaiah,Capelin,380-581-3852
910,Malory,De Vaux,970-804-4114
911,Simone,Ardling,318-268-8696
912,Janessa,Limrick,514-959-8399
913,Tristam,Covey,612-115-9261
914,Willey,Ondrusek,678-139-9388
915,Cliff,Flores,692-118-2526
916,Sandor,Rallings,980-292-3662
917,Royce,Bark,788-291-8005
918,Gordon,Klaff,133-504-8920
919,Meghan,Maxfield,110-196-6121
920,Miles,Allin,230-825-2518
921,Eleen,Braham,523-897-8221
922,Jehanna,Grancher,297-572-1422
923,Derrek,Grigoletti,421-528-2917
924,Hendrik,Barrott,564-247-3732
925,Leif,Ondrusek,925-575-1217
926,Humberto,Quant,849-926-4531
927,Bryan,Stit,269-572-1996
928,Mickie,Lampaert,101-706-5930
929,Austine,Jeal,656-376-4805
930,Michelle,Lugsdin,411-374-2316
931,Charil,Jancey,714-286-2270
932,Klaus,Keys,580-965-4107
933,Vasilis,McNamara,634-279-5699
934,Cybill,Gofton,348-590-4090
935,Paulie,Cisar,251-502-0033
936,Samara,Martello,845-465-6261
937,Avie,Blench,905-456-0774
938,Noam,Greig,602-548-0964
939,Tandy,Dowbekin,600-729-8737
940,Wait,Jillitt,997-232-7971
941,Roarke,Davoren,368-511-4523
942,Claudius,Sibbit,958-384-8393
943,Ewart,Flott,911-686-9907
944,Dalis,Drinan,346-822-7121
945,Elene,Jowling,673-168-7211
946,Adham,Jacqueminot,138-193-1135
947,Nelly,Legan,620-195-3460
948,Eustace,Kubal,142-249-2410
949,Benni,Steketee,128-553-8403
950,Renell,Kopec,377-566-8449
951,Wesley,Plackstone,555-610-2590
952,Flossie,Clingan,151-559-0922
953,Lucy,Legan,933-407-0334
954,Zoe,Jakubowsky,130-170-9929
955,Horatius,Rushmer,111-220-6149
956,Owen,Gonsalvez,585-261-2048
957,Garv,D'Alesco,591-528-4900
958,Sunny,Lavall,890-470-6642
959,Bren,Levens,181-976-6753
960,Corena,Whacket,277-687-5988
961,Dimitri,Stayte,358-628-3897
962,Gayleen,Klausen,188-861-4787
963,Jereme,Haydon,963-978-3788
964,Rora,Langdridge,139-444-1588
965,Annamarie,Reburn,841-890-3157
966,Katlin,Spillett,802-819-1035
967,Angelle,Leathley,672-305-7854
968,Roselle,Blowin,847-234-6216
969,Winthrop,Cready,114-565-2964
970,Pietrek,Wardall,619-718-9686
971,Gordie,Conochie,933-230-7887
972,Mariana,Alway,187-579-1745
973,Hillary,Tansly,831-489-4470
974,Harlene,Dyment,702-479-6482
975,Florencia,Streetley,200-117-7575
976,Adair,Bernardotte,998-321-7691
977,Lurleen,Lathey,180-470-5336
978,Carroll,Renbold,700-162-6839
979,Leisha,Samper,814-494-8952
980,Sibelle,Beggini,710-106-5502
981,De witt,Ledgley,883-466-2834
982,Joaquin,Torrijos,650-776-8276
983,Arty,Hurtic,480-714-3289
984,Shurlock,Gosselin,192-649-8889
985,Gayelord,Roxbrough,353-763-4175
986,Fred,Darington,356-219-7212
987,Gerrilee,Perrottet,513-587-2866
988,Garth,Heymann,629-907-8340
989,Dulce,Eaglen,559-438-3705
990,Nataniel,Opie,842-799-9637
991,Cristie,Stockhill,811-668-2764
992,Stefanie,Barltrop,360-925-7756
993,Cross,Langshaw,527-812-2275
994,Lydon,Jose,895-145-3055
995,Norean,Petraitis,425-842-8318
996,Andonis,Harse,375-290-0793
997,Kriste,Hiscocks,226-308-0878
998,Buck,Dubose,938-944-3254
999,Shermie,Shepland,679-904-2247
1000,Brand,Garrelts,194-468-1703